{
    "uid": "9a4ff387-9f3d-48a5-8e6b-e9482bf5945b",
    "name": "5_Default_NeuralNetwork",
    "preprocessing": [
        {
            "scale": [
                {
                    "scale": [
                        41.471888881829386,
                        43.35963991001423,
                        7.349659216978026,
                        41.41997112124293,
                        43.47821847820628,
                        7.060417881291888,
                        7.414878668969447,
                        7.191332333841079,
                        0.7377676011279624,
                        6.871334961660655,
                        7.1777715626245095,
                        6.982325939962669,
                        0.6762122826435091
                    ],
                    "mean": [
                        27.58482309124767,
                        448.8659217877095,
                        44.46332216014898,
                        27.55344506517691,
                        448.8268156424581,
                        43.03836592178771,
                        45.81910335195531,
                        44.41507841181165,
                        1.0369466490851698,
                        42.95057262569832,
                        45.66047858472998,
                        44.288707302474066,
                        1.00904437081449
                    ],
                    "var": [
                        1719.9175674268038,
                        1880.058373126099,
                        54.017490605710044,
                        1715.6140076845986,
                        1890.355482038638,
                        49.84950065846623,
                        54.980425675538115,
                        51.71526073574818,
                        0.5443010332741082,
                        47.21524415534004,
                        51.52040460522109,
                        48.75287553187557,
                        0.4572630511979451
                    ],
                    "n_samples_seen": 1074,
                    "n_features_in": 13,
                    "columns": [
                        "PE Ratio[t]",
                        "Revenue_Amount(Millions)[t]",
                        "close[t-1]",
                        "PE Ratio[t-1]",
                        "Revenue_Amount(Millions)[t-1]",
                        "close[t-1]_7_min",
                        "close[t-1]_7_max",
                        "close[t-1]_7_mean",
                        "close[t-1]_7_std",
                        "close[t-1]_14_min",
                        "close[t-1]_14_max",
                        "close[t-1]_14_mean",
                        "close[t-1]_14_std"
                    ],
                    "scale_method": "scale_normal"
                }
            ],
            "scale_y": {
                "scale": [
                    7.357831643898787
                ],
                "mean": [
                    44.486979422718804
                ],
                "var": [
                    54.13768649995833
                ],
                "n_samples_seen": 1074,
                "n_features_in": 1,
                "columns": [
                    "target"
                ],
                "scale_method": "scale_normal"
            },
            "ml_task": "regression",
            "params": {
                "columns_preprocessing": {
                    "PE Ratio[t]": [
                        "scale_normal"
                    ],
                    "Revenue_Amount(Millions)[t]": [
                        "scale_normal"
                    ],
                    "close[t-1]": [
                        "scale_normal"
                    ],
                    "PE Ratio[t-1]": [
                        "scale_normal"
                    ],
                    "Revenue_Amount(Millions)[t-1]": [
                        "scale_normal"
                    ],
                    "close[t-1]_7_min": [
                        "scale_normal"
                    ],
                    "close[t-1]_7_max": [
                        "scale_normal"
                    ],
                    "close[t-1]_7_mean": [
                        "scale_normal"
                    ],
                    "close[t-1]_7_std": [
                        "scale_normal"
                    ],
                    "close[t-1]_14_min": [
                        "scale_normal"
                    ],
                    "close[t-1]_14_max": [
                        "scale_normal"
                    ],
                    "close[t-1]_14_mean": [
                        "scale_normal"
                    ],
                    "close[t-1]_14_std": [
                        "scale_normal"
                    ]
                },
                "target_preprocessing": [
                    "na_exclude",
                    "scale_normal"
                ],
                "ml_task": "regression"
            }
        }
    ],
    "learners": [
        {
            "library_version": "1.1.1",
            "algorithm_name": "Neural Network",
            "algorithm_short_name": "Neural Network",
            "uid": "56c788c1-885a-423e-b5df-50e41e87c55d",
            "params": {
                "model_type": "Neural Network",
                "ml_task": "regression",
                "n_jobs": -1,
                "dense_1_size": 32,
                "dense_2_size": 16,
                "learning_rate": 0.05,
                "seed": 5,
                "explain_level": 0
            },
            "name": "learner_fold_0"
        }
    ],
    "params": {
        "additional": {
            "max_rows_limit": null,
            "max_cols_limit": null
        },
        "preprocessing": {
            "columns_preprocessing": {
                "PE Ratio[t]": [
                    "scale_normal"
                ],
                "Revenue_Amount(Millions)[t]": [
                    "scale_normal"
                ],
                "close[t-1]": [
                    "scale_normal"
                ],
                "PE Ratio[t-1]": [
                    "scale_normal"
                ],
                "Revenue_Amount(Millions)[t-1]": [
                    "scale_normal"
                ],
                "close[t-1]_7_min": [
                    "scale_normal"
                ],
                "close[t-1]_7_max": [
                    "scale_normal"
                ],
                "close[t-1]_7_mean": [
                    "scale_normal"
                ],
                "close[t-1]_7_std": [
                    "scale_normal"
                ],
                "close[t-1]_14_min": [
                    "scale_normal"
                ],
                "close[t-1]_14_max": [
                    "scale_normal"
                ],
                "close[t-1]_14_mean": [
                    "scale_normal"
                ],
                "close[t-1]_14_std": [
                    "scale_normal"
                ]
            },
            "target_preprocessing": [
                "na_exclude",
                "scale_normal"
            ],
            "ml_task": "regression"
        },
        "validation_strategy": {
            "validation_type": "split",
            "train_ratio": 0.75,
            "shuffle": true,
            "X_path": "data/generated/automl/saved/aaww/X.data",
            "y_path": "data/generated/automl/saved/aaww/y.data",
            "results_path": "data/generated/automl/saved/aaww"
        },
        "learner": {
            "model_type": "Neural Network",
            "ml_task": "regression",
            "n_jobs": -1,
            "dense_1_size": 32,
            "dense_2_size": 16,
            "learning_rate": 0.05,
            "seed": 5,
            "explain_level": 0
        },
        "automl_random_state": 1234,
        "ml_task": "regression",
        "explain_level": 0,
        "name": "5_Default_NeuralNetwork",
        "status": "initialized",