{
    "uid": "6bc3b493-fa7d-4e66-8576-40aa58ad0b3a",
    "name": "5_Default_NeuralNetwork",
    "preprocessing": [
        {
            "scale": [
                {
                    "scale": [
                        4.241201691537319,
                        4977.296336462836,
                        193.26407629319752,
                        4.249159799282734,
                        4979.43839968862,
                        190.26696862455213,
                        195.3964930016756,
                        192.84333503110943,
                        5.542836959551736,
                        189.93312369762353,
                        195.01323881724764,
                        192.42293288053457,
                        5.633836186961512
                    ],
                    "mean": [
                        27.375661080074487,
                        18046.382681564246,
                        596.0554171322159,
                        27.36669459962756,
                        18035.409683426442,
                        584.2536601489758,
                        605.2345204841713,
                        594.7928439744613,
                        7.770470799347371,
                        581.4068370577281,
                        602.6891387337058,
                        592.2039271082735,
                        7.880292628365055
                    ],
                    "var": [
                        17.987791788299017,
                        24773478.820966367,
                        37351.003185462876,
                        18.055358999840486,
                        24794806.77629357,
                        36201.51934957631,
                        38179.789477353865,
                        37188.55186592072,
                        30.72304156017274,
                        36074.591477536764,
                        38030.16331399286,
                        37026.58509834671,
                        31.74011018151703
                    ],
                    "n_samples_seen": 1074,
                    "n_features_in": 13,
                    "columns": [
                        "PE Ratio[t]",
                        "Revenue_Amount(Millions)[t]",
                        "close[t-1]",
                        "PE Ratio[t-1]",
                        "Revenue_Amount(Millions)[t-1]",
                        "close[t-1]_7_min",
                        "close[t-1]_7_max",
                        "close[t-1]_7_mean",
                        "close[t-1]_7_std",
                        "close[t-1]_14_min",
                        "close[t-1]_14_max",
                        "close[t-1]_14_mean",
                        "close[t-1]_14_std"
                    ],
                    "scale_method": "scale_normal"
                }
            ],
            "scale_y": {
                "scale": [
                    193.23812281721402
                ],
                "mean": [
                    596.4699376163874
                ],
                "var": [
                    37340.97210992069
                ],
                "n_samples_seen": 1074,
                "n_features_in": 1,
                "columns": [
                    "target"
                ],
                "scale_method": "scale_normal"
            },
            "ml_task": "regression",
            "params": {
                "columns_preprocessing": {
                    "PE Ratio[t]": [
                        "scale_normal"
                    ],
                    "Revenue_Amount(Millions)[t]": [
                        "scale_normal"
                    ],
                    "close[t-1]": [
                        "scale_normal"
                    ],
                    "PE Ratio[t-1]": [
                        "scale_normal"
                    ],
                    "Revenue_Amount(Millions)[t-1]": [
                        "scale_normal"
                    ],
                    "close[t-1]_7_min": [
                        "scale_normal"
                    ],
                    "close[t-1]_7_max": [
                        "scale_normal"
                    ],
                    "close[t-1]_7_mean": [
                        "scale_normal"
                    ],
                    "close[t-1]_7_std": [
                        "scale_normal"
                    ],
                    "close[t-1]_14_min": [
                        "scale_normal"
                    ],
                    "close[t-1]_14_max": [
                        "scale_normal"
                    ],
                    "close[t-1]_14_mean": [
                        "scale_normal"
                    ],
                    "close[t-1]_14_std": [
                        "scale_normal"
                    ]
                },
                "target_preprocessing": [
                    "na_exclude",
                    "scale_normal"
                ],
                "ml_task": "regression"
            }
        }
    ],
    "learners": [
        {
            "library_version": "1.1.1",
            "algorithm_name": "Neural Network",
            "algorithm_short_name": "Neural Network",
            "uid": "9928f6e7-f5b7-4f5c-9e86-042f13313b13",
            "params": {
                "model_type": "Neural Network",
                "ml_task": "regression",
                "n_jobs": -1,
                "dense_1_size": 32,
                "dense_2_size": 16,
                "learning_rate": 0.05,
                "seed": 5,
                "explain_level": 0
            },
            "name": "learner_fold_0"
        }
    ],
    "params": {
        "additional": {
            "max_rows_limit": null,
            "max_cols_limit": null
        },
        "preprocessing": {
            "columns_preprocessing": {
                "PE Ratio[t]": [
                    "scale_normal"
                ],
                "Revenue_Amount(Millions)[t]": [
                    "scale_normal"
                ],
                "close[t-1]": [
                    "scale_normal"
                ],
                "PE Ratio[t-1]": [
                    "scale_normal"
                ],
                "Revenue_Amount(Millions)[t-1]": [
                    "scale_normal"
                ],
                "close[t-1]_7_min": [
                    "scale_normal"
                ],
                "close[t-1]_7_max": [
                    "scale_normal"
                ],
                "close[t-1]_7_mean": [
                    "scale_normal"
                ],
                "close[t-1]_7_std": [
                    "scale_normal"
                ],
                "close[t-1]_14_min": [
                    "scale_normal"
                ],
                "close[t-1]_14_max": [
                    "scale_normal"
                ],
                "close[t-1]_14_mean": [
                    "scale_normal"
                ],
                "close[t-1]_14_std": [
                    "scale_normal"
                ]
            },
            "target_preprocessing": [
                "na_exclude",
                "scale_normal"
            ],
            "ml_task": "regression"
        },
        "validation_strategy": {
            "validation_type": "split",
            "train_ratio": 0.75,
            "shuffle": true,
            "X_path": "data/generated/automl/saved/googl/X.data",
            "y_path": "data/generated/automl/saved/googl/y.data",
            "results_path": "data/generated/automl/saved/googl"
        },
        "learner": {
            "model_type": "Neural Network",
            "ml_task": "regression",
            "n_jobs": -1,
            "dense_1_size": 32,
            "dense_2_size": 16,
            "learning_rate": 0.05,
            "seed": 5,
            "explain_level": 0
        },
        "automl_random_state": 1234,
        "ml_task": "regression",
        "explain_level": 0,
        "name": "5_Default_NeuralNetwork",